ip,port
182.88.90.6,8123
118.190.94.224,9001
58.215.140.6,8080
183.3.150.210,41258
58.53.128.83,3128
110.184.189.146,8118
124.243.226.18,8888
101.132.142.124,8080
139.129.207.72,808
219.238.186.188,8118
222.171.251.43,40149
121.31.177.202,8123
114.224.135.99,8118
39.137.168.229,8080
117.191.11.80,8080
113.69.137.222,8118
211.138.248.108,59692
118.25.181.119,9999
39.137.168.229,8080
111.7.163.2,80
117.191.11.80,8080
118.190.94.224,9001
101.132.142.124,8080
14.118.135.10,808
125.40.29.100,8118
27.54.248.42,8000
221.224.136.211,35101
58.53.128.83,3128
58.211.200.154,808
114.119.116.92,61066
180.164.24.165,53281
202.104.113.35,53281
115.46.77.119,8123
139.129.207.72,808
113.69.137.222,8118
